imu_ax, imu_ay, kf_ax, kf_ay, kf_vx, kf_w, kf_x, kf_y, odom_x, odom_y, stamp, 
-0.002265632152557373, -0.0005942583084106445, -0.0020592410949666147, -0.0, -9.338961881934762e-06, 0.0, 4.66948094096738e-06, 0.0, 2.0934141531370187e-08, -2.4196307180091026e-08, 1731686658868472729, 
-0.014727294445037842, 0.008438169956207275, -0.012892936442368481, 3.7944764936168885e-12, -5.629958988444351e-05, -6.7397941999314e-08, 1.4422953504019034e-05, 4.841744701941875e-16, 2.0934141531370187e-08, -2.4196307180091026e-08, 1731686658937524269, 
-0.005501270294189453, -0.007685363292694092, -0.006577194820282172, -6.558246391988002e-11, -0.00018230803277752717, 3.5973436233559244e-07, 2.7636317623926076e-05, -2.3908027927876938e-14, 2.0934141531370187e-08, -2.4196307180091026e-08, 1731686658976863478, 
0.012459993362426758, -0.00251162052154541, 0.00968899672422349, -5.189669408440182e-05, 0.0023910962553780847, -0.02170414259470948, 6.06203924414151e-05, 1.1012466328914425e-09, 0.0001445486705051735, 1.2037860869895667e-05, 1731686659026684709, 
0.10935664176940918, -0.016838252544403076, 0.09488227388920473, -0.00967627995414954, 0.035476088261633607, -0.27275498591579966, 0.0008263815479707007, -4.0608714525510104e-07, 0.0021909410133957863, -0.0002373846509726718, 1731686659077342622, 
1.3783056735992432, -0.40828168392181396, 1.1912271355203885, -0.07265174556287803, 0.14006636157829988, -0.5186951723755904, 0.005716733498140007, -3.4996047037489926e-05, 0.004940111190080643, -0.000700599339324981, 1731686659127517880, 
0.5496010780334473, -0.09640538692474365, 0.6429084022459252, -0.07767142866810738, 0.11147560758705766, -0.696757168221302, 0.017437102928473284, -0.0005009303440177646, 0.008895554579794407, -0.0009373265202157199, 1731686659176786356, 
0.6779409646987915, -0.4727180004119873, 0.6730668136973146, -0.22499718501274396, 0.28218096107199797, -0.7973506935336304, 0.029955768185849163, -0.0016629570343619797, 0.015866853296756744, -0.0018169917166233063, 1731686659237130621, 
0.1778969168663025, 0.09267956018447876, 0.24950984444868624, -0.054729393757152064, 0.06271363278371811, -0.8726873460814897, 0.05432890526145351, -0.005751550389359138, 0.02008177898824215, -0.0023606244940310717, 1731686659266738402, 
0.24850642681121826, -0.3698534369468689, 0.24903922285039257, -0.28356142345214386, 0.25417169817517277, -1.1156294169963643, 0.06180166580743144, -0.007619431884686672, 0.031884655356407166, -0.00452529126778245, 1731686659337746079, 
0.03862440586090088, -0.4013400673866272, 0.06928426010127675, -0.3709663259463851, 0.2578999462378096, -1.4384118002270423, 0.08538301217478066, -0.015909032215397256, 0.049583591520786285, -0.009751589968800545, 1731686659426739681, 
-0.7957825660705566, 0.024033844470977783, -0.6699760700202777, -0.1002317600789535, 0.08237565089775103, -1.2167644077661541, 0.10760401334449149, -0.02673834793825124, 0.08787529915571213, -0.029590053483843803, 1731686659637282011, 
-0.6503814458847046, -0.0846368670463562, -0.6530613968738535, -0.09103021220438544, 0.09515918866822569, -0.9566097975232217, 0.11529093119322198, -0.03189523007830013, 0.09634223580360413, -0.035584092140197754, 1731686659716872524, 
-0.12182778120040894, -0.07310891151428223, -0.19921101265142638, -0.05859403174060621, 0.09073759741587563, -0.6457525150468055, 0.12301816969648248, -0.038522323916680506, 0.10377972573041916, -0.04191743955016136, 1731686659827646967, 
1.2563400268554688, 0.2108132243156433, 1.0438403154511802, -0.024727805478739387, 0.028512054606540604, -0.8672754671656275, 0.1288112309891902, -0.04453209012413894, 0.1141531690955162, -0.05364268645644188, 1731686659927515116, 
0.9038141369819641, -0.2570645213127136, 0.9245243674630547, -0.27075987940188834, 0.25496770926152235, -1.0619379222024066, 0.13154391869781648, -0.04776400244743675, 0.1272096335887909, -0.07048657536506653, 1731686660017249988, 
0.09182345867156982, -0.5423464179039001, 0.21345698565732651, -0.4257239292444565, 0.3997365520787371, -1.0650112606179698, 0.14655180542493507, -0.06918914314398551, 0.14488694071769714, -0.10004618763923645, 1731686660138504306, 
-0.38375401496887207, -0.09534871578216553, -0.2970931093279856, -0.21616484873566635, 0.21032359653530594, -1.0277726907326818, 0.16500923609771562, -0.10265158240228957, 0.15571902692317963, -0.12383473664522171, 1731686660227516891, 
0.11849623918533325, -0.22816377878189087, 0.058043489875672705, -0.24654318491677588, 0.2665826298639018, -0.9248283920173019, 0.17357993604927302, -0.12297212173147945, 0.165079265832901, -0.15116462111473083, 1731686660323520203, 
-0.5754595994949341, -0.3013094663619995, -0.482851430087926, -0.2573382802406831, 0.344985136042615, -0.7459401967071848, 0.18173160209440012, -0.14946060310964818, 0.17296761274337769, -0.1811375916004181, 1731686660417392246, 
-0.5208570957183838, -0.41948068141937256, -0.5151067787526713, -0.3110905683458441, 0.3848513917337786, -0.8083394656424716, 0.18901232347643698, -0.18395801725257221, 0.17962102591991425, -0.2191820740699768, 1731686660537041719, 
0.16936904191970825, -0.252621054649353, 0.06943782010982502, -0.2497294176651439, 0.3124631452370679, -0.799228393721994, 0.1940525058166505, -0.22178862579832076, 0.18199202418327332, -0.24699248373508453, 1731686660627526082, 
0.7540552616119385, -0.3658224940299988, 0.6542812962513819, -0.2805601319636112, 0.3780411203610317, -0.7421418381568503, 0.19571992798777116, -0.253711893690567, 0.1826086938381195, -0.2788376212120056, 1731686660727529780, 
-0.09878009557723999, -0.37408310174942017, 0.011008331960515205, -0.30079733603914705, 0.3974977222725837, -0.7567271941067264, 0.1947020516710753, -0.29105628745768936, 0.18018272519111633, -0.3149886429309845, 1731686660836800775, 
0.14894109964370728, -0.5738325715065002, 0.12897153875217168, -0.3651869850736185, 0.46836064325975024, -0.7797132195650518, 0.19059792552830204, -0.3313478757580734, 0.17593491077423096, -0.345186710357666, 1731686660932019484, 
-0.06689625978469849, -0.4733436107635498, -0.038413190265037034, -0.31582410306702974, 0.4385119457643557, -0.720217786807443, 0.1823888144609057, -0.3771362808568012, 0.17036719620227814, -0.3737131357192993, 1731686661027529150, 
-0.00862044095993042, -0.018219828605651855, -0.013393866969931913, -0.15650613865653548, 0.24849612301180252, -0.6298132009451999, 0.17181519041036408, -0.4177067427156892, 0.16259309649467468, -0.4032045900821686, 1731686661127537916, 
-0.13851433992385864, 0.05973219871520996, -0.12037435733085772, -0.11681111136682348, 0.19525237183651328, -0.5982570673437482, 0.16402573460979036, -0.4407502481160755, 0.15396812558174133, -0.429059773683548, 1731686661217564120, 
-0.4794766306877136, 0.03783416748046875, -0.42707650658010027, -0.10686047542356628, 0.18220859296161596, -0.5864733034082399, 0.15660611310622358, -0.45888278323736337, 0.14158202707767487, -0.45879125595092773, 1731686661333155975, 
0.9872376322746277, -0.0713874101638794, 0.7810236566067357, -0.11522888225543346, 0.217153260693837, -0.5306339029276375, 0.14834694339189888, -0.47608188374834637, 0.13111457228660583, -0.48067909479141235, 1731686661427540756, 
0.12124615907669067, -0.4237823486328125, 0.2176840099762677, -0.21757853485668108, 0.3655820923954247, -0.5951564351279589, 0.13736476867593367, -0.49592013171989197, 0.11825236678123474, -0.5039383769035339, 1731686661528609425, 
-0.8494910001754761, 0.21746492385864258, -0.6943434374103011, -0.05809339913611504, 0.1273577722542802, -0.45614333627104303, 0.11964331505267571, -0.5241786357678005, 0.1043298989534378, -0.5257754921913147, 1731686661636989298, 
-0.3093039393424988, 0.18817764520645142, -0.36541778442039835, -0.040092068068957806, 0.09123132931372503, -0.43945504653439565, 0.11203284268883576, -0.534905035422747, 0.09273919463157654, -0.542006254196167, 1731686661734425130, 
0.3261072039604187, -0.2840445637702942, 0.22563863937692402, -0.11886351855821257, 0.25469062931984776, -0.46669765148265574, 0.10476178069973487, -0.5442483011674522, 0.08069358766078949, -0.5570546388626099, 1731686661827545916, 
0.015639841556549072, -0.3945454955101013, 0.04643030746912444, -0.1566478460342184, 0.3433111912983905, -0.45628528869618823, 0.08757194389477119, -0.5643861176320218, 0.06580500304698944, -0.5749585628509521, 1731686661925537436, 
-0.41408252716064453, -0.0357975959777832, -0.3471118809431295, -0.09730910546404688, 0.2445077516287022, -0.39797963383924057, 0.06499883508747302, -0.5884497821107256, 0.04627493396401405, -0.5958777070045471, 1731686662037652841, 
-0.0810362696647644, -0.34734076261520386, -0.11963649677483179, -0.12217668134868795, 0.31264666321835877, -0.39078197761975564, 0.04644826969585983, -0.6065489947893744, 0.02939724735915661, -0.6128953695297241, 1731686662135478677, 
0.12023568153381348, -0.500554621219635, 0.08535929114010501, -0.14659919404133184, 0.35826693098630935, -0.4091898563949066, 0.022627613656826723, -0.6280067001363234, 0.01396582368761301, -0.6273928880691528, 1731686662227444423, 
0.040551185607910156, -0.46023625135421753, 0.04707689450196633, -0.14558132222082046, 0.3609744049260455, -0.40330095495453866, -0.004860902222117957, -0.6508723063153263, 0.005343385972082615, -0.6352044343948364, 1731686662277745296, 
0.33014577627182007, -0.43276774883270264, 0.28878383699318455, -0.13672046588133085, 0.34091452977323794, -0.40104030172099614, -0.03319669119265611, -0.6725440170082548, -0.01145128533244133, -0.6498263478279114, 1731686662376602824, 
-1.118916630744934, -0.02318727970123291, -0.9137497853494521, -0.06330678700662772, 0.256525655157419, -0.24678540229350163, -0.060119313056806636, -0.6914772589655939, -0.03760591521859169, -0.6708880662918091, 1731686662518981543, 
-0.10013431310653687, -0.07245802879333496, -0.21876628948401688, -0.043852117177498824, 0.2092308173047235, -0.20958727658953152, -0.08212662640240287, -0.7057392984620556, -0.05431140959262848, -0.6836154460906982, 1731686662616588398, 
-0.06606554985046387, -0.31655824184417725, -0.088194657171795, -0.06691140635970486, 0.2574538421707988, -0.2598967092334742, -0.10084756213088802, -0.7172384425055833, -0.07292325794696808, -0.6974025964736938, 1731686662727434560, 
-1.1817947626113892, 0.24205803871154785, -1.0224131411821522, -0.02555180143892865, 0.1558516570464876, -0.16394950123184787, -0.12200912700400074, -0.729613714524978, -0.09202124178409576, -0.7108991742134094, 1731686662836741801, 
-0.3473823666572571, 0.08488553762435913, -0.4457559286642364, -0.014399548031053358, 0.11387524441664242, -0.12645020526470915, -0.13641017538655795, -0.7375726215435022, -0.1019062027335167, -0.7175406813621521, 1731686662917159720, 
0.049910545349121094, -0.2182062864303589, -0.022302988595218454, -0.02198126777572453, 0.12296279702518963, -0.17876356351280412, -0.14713785742454136, -0.7432788018727327, -0.11216448992490768, -0.724229097366333, 1731686663028265418, 
-0.02889913320541382, -0.008182883262634277, -0.027916368312066862, -0.018284246401760643, 0.13008498072553248, -0.14055616797406262, -0.15821928508259295, -0.7489845754678243, -0.12335798889398575, -0.7313678860664368, 1731686663127550890, 
0.148784339427948, -0.048582255840301514, 0.12303786195830135, -0.01880876495442651, 0.1451236357676506, -0.12960511122075372, -0.17012131766697425, -0.7548547734611079, -0.13648851215839386, -0.7392877340316772, 1731686663237151805, 
-0.001386880874633789, -0.08448070287704468, 0.016784273203771988, -0.020953338944546963, 0.164009027457161, -0.12775722940019235, -0.18334869837678755, -0.7611513883886715, -0.1467556357383728, -0.7452757358551025, 1731686663317491889, 
0.08368110656738281, -0.03113710880279541, 0.07388087865195059, -0.018511181381812954, 0.14812534678314795, -0.12496970831678722, -0.1979672977424456, -0.7678786180979369, -0.16060087084770203, -0.7532612085342407, 1731686663428457663, 
-0.30331486463546753, -0.15238910913467407, -0.24825746193899534, -0.023585686082592528, 0.16219908620893048, -0.1454119541229199, -0.21167204820771104, -0.7739753793314077, -0.17374935746192932, -0.7605242133140564, 1731686663527141752, 
0.378695011138916, -0.01432126760482788, 0.2872409210681942, -0.01818422097407815, 0.15338990921124424, -0.11854900408758542, -0.22670547074069441, -0.7804350556784425, -0.18826405704021454, -0.7683266997337341, 1731686663637423099, 
-0.5055245161056519, 0.07661169767379761, -0.38989077334198097, -0.022653271325021308, 0.15837162064154992, -0.1430387037352705, -0.24066446028683622, -0.7861988823307542, -0.20325645804405212, -0.7760950326919556, 1731686663737983951, 
0.15908557176589966, -0.04479712247848511, 0.07906712553881273, -0.012668775887202515, 0.16162445389640928, -0.07838402903636335, -0.2559418848302503, -0.7922945475505335, -0.21644513309001923, -0.7825300693511963, 1731686663827650932, 
-0.02724701166152954, 0.19321823120117188, -0.011773736879846175, -0.006194675856834647, 0.15089948196982325, -0.041051670794161194, -0.2707726947693047, -0.7979831353178273, -0.23095478117465973, -0.7896571159362793, 1731686663927613925, 
0.033626019954681396, -0.2706106901168823, 0.02705106443009042, -0.016416539756019692, 0.1726780050038839, -0.09507024218660882, -0.28524598665097955, -0.8034119602917685, -0.247242271900177, -0.7973957061767578, 1731686664037139850, 
-0.24909323453903198, -0.13567090034484863, -0.20881032092677643, -0.01727034466541017, 0.16903655032328319, -0.10216929198082046, -0.3013974181925146, -0.8093800462068185, -0.2588573694229126, -0.8027983903884888, 1731686664117329268, 
-0.38432639837265015, -0.05783188343048096, -0.3587243239180541, -0.010502108826004325, 0.14345668994519808, -0.07320752228436497, -0.31727494045467824, -0.8150756176182917, -0.27274391055107117, -0.8092479705810547, 1731686664227168143, 
0.19483697414398193, -0.17091405391693115, 0.1141417510330095, -0.011432988869461395, 0.14615685835531814, -0.07822410113432346, -0.33132729187706733, -0.8199618453550659, -0.2851201295852661, -0.8148447275161743, 1731686664327615198, 
0.02019786834716797, 0.06573385000228882, 0.033865491028442204, -0.008056667042256977, 0.13861198039866773, -0.05812388668775137, -0.3448851098793808, -0.8245639630583527, -0.2995968461036682, -0.821435272693634, 1731686664437431049, 
-0.04547172784805298, -0.21884369850158691, -0.03387384373571102, -0.010231904127601889, 0.1514213719644096, -0.06757239083797772, -0.3582104868621009, -0.8289755874157145, -0.3128148019313812, -0.8272837996482849, 1731686664537857642, 
-0.32957303524017334, -0.07563716173171997, -0.28641588381905864, -0.012563109253762257, 0.15119112246746116, -0.08309422569745156, -0.3727236358916619, -0.8336841615960542, -0.32428064942359924, -0.832302987575531, 1731686664626798546, 
-0.2821667790412903, 0.037371933460235596, -0.28280748927910565, -0.0049131757820789854, 0.11308790499769467, -0.04344563445736432, -0.38698792492865536, -0.8382036635957402, -0.33540821075439453, -0.8371762037277222, 1731686664727653790, 
0.156779944896698, 0.19101864099502563, 0.09269312831125309, -0.002039403479593251, 0.11268396141294558, -0.018098436139634654, -0.39815975356376926, -0.8416496344034499, -0.3473951816558838, -0.8423844575881958, 1731686664836723937, 
0.05906987190246582, 0.17516803741455078, 0.06397140408819857, -0.003936446187779752, 0.11965141026875246, -0.03289928784740596, -0.40890918117946157, -0.8449175160278812, -0.35677221417427063, -0.8463324904441833, 1731686664917655877, 
-0.17839539051055908, 0.141063392162323, -0.14308185038739185, -0.0019308723872262933, 0.10113174541280187, -0.019092643752412403, -0.42000809230769726, -0.848267570319027, -0.36819514632225037, -0.8511505126953125, 1731686665032073764, 
-0.002178668975830078, -0.05277520418167114, -0.022701161034881054, -0.00031701829728331127, 0.10477332306112819, -0.0030257539612287797, -0.4299633509239539, -0.8512395620356374, -0.37219637632369995, -0.8527880907058716, 1731686665072655863, 
-0.06226646900177002, -0.011358797550201416, -0.056464766487645035, -0.0029373147633815575, 0.11543016572400726, -0.025446682372480146, -0.440226942315284, -0.8542840424653945, -0.38925936818122864, -0.8597837686538696, 1731686665231986506, 
-0.24334949254989624, 0.09745949506759644, -0.21608400566037173, -0.0012356857020156555, 0.10707196073919452, -0.011540703032659822, -0.45128996661360593, -0.8575586035339867, -0.39746713638305664, -0.8631249070167542, 1731686665311825272, 
0.061912477016448975, 0.02110964059829712, 0.021354110967018114, 1.9950855855973308e-05, 0.08942870034547151, 0.00022309231576553464, -0.46157125995299764, -0.8605758887153608, -0.4077605903148651, -0.8673756122589111, 1731686665432626974, 
-0.03132045269012451, -0.02951258420944214, -0.02362548986530936, -0.00021049197141974108, 0.09541476811509034, -0.00220607329009953, -0.4702286965804902, -0.8631072829187293, -0.41643238067626953, -0.8708252906799316, 1731686665527650540, 
-0.016475558280944824, -0.12299478054046631, -0.01750523615626863, -0.002354224293567971, 0.09935295299019647, -0.02369556437643349, -0.47948852239972173, -0.8658140711480865, -0.42060890793800354, -0.8725718855857849, 1731686665572854539, 
0.1046304702758789, -0.11278849840164185, 0.08681191444448715, -0.001286325719628194, 0.0995565406693712, -0.012920554601230082, -0.4890326859339138, -0.8685988576225566, -0.4337228834629059, -0.8779503703117371, 1731686665717027209, 
0.10251688957214355, -0.07284700870513916, 0.1002077470274486, -0.0013577087554598431, 0.100237879449641, -0.01354486709928804, -0.4984616742837937, -0.871327295895945, -0.44377264380455017, -0.8819544911384583, 1731686665827658056, 
0.020341694355010986, -0.012882053852081299, 0.03197670112633523, -0.0023953809293545, 0.10125917321446634, -0.023655940033019004, -0.5079630975332082, -0.8740630204005896, -0.45348286628723145, -0.8859255313873291, 1731686665928669650, 
-0.37729382514953613, 0.0836670994758606, -0.3175756359573296, -0.0015750134696885822, 0.10210846521060356, -0.015424905921757243, -0.5177448895542038, -0.8768639417529629, -0.4578721821308136, -0.8876528143882751, 1731686665973754565, 
0.04616647958755493, 0.0632021427154541, -0.006865816432800209, -0.0007839591615342323, 0.09208797960989291, -0.008513154103882765, -0.5278482795953973, -0.8797326275646261, -0.4710809886455536, -0.8929886817932129, 1731686666117524784, 
-0.1197584867477417, -0.006123900413513184, -0.10327688506550928, -0.0007061013216597415, 0.09490235887797929, -0.007440292633480389, -0.536791618124906, -0.882257972561516, -0.48096251487731934, -0.8970406651496887, 1731686666226815960, 
-0.04959559440612793, -0.19997507333755493, -0.057424536186701194, -0.001914059864939125, 0.08667518072983806, -0.02208313670444078, -0.5459500701825613, -0.8848353507389217, -0.48935991525650024, -0.9003234505653381, 1731686666328831467, 
-0.07169914245605469, -0.12842053174972534, -0.06959545596262685, -0.005992875056528139, 0.09043604068385172, -0.06626644655395919, -0.5544546208356554, -0.8872188568271799, -0.49305909872055054, -0.901868462562561, 1731686666373679194, 
-0.1911744475364685, 0.1524573564529419, -0.17343406724603352, -0.0007249805954480159, 0.08294508314651405, -0.008740489103705056, -0.5631872881780344, -0.8896411902354386, -0.5047258734703064, -0.906614363193512, 1731686666517626373, 
0.17399686574935913, 0.2291090488433838, 0.12334128435689831, -0.00017364343663599902, 0.08571665769058612, -0.0020257840344499282, -0.571450664917988, -0.8918820154791193, -0.5139784812927246, -0.9102038145065308, 1731686666626889823, 
0.09656459093093872, 0.4035481810569763, 0.10045334680908172, 0.0010118602241474322, 0.08945826086115503, 0.011310975804882953, -0.5795897348886979, -0.8940824616925828, -0.522132933139801, -0.9133949875831604, 1731686666725660289, 
0.05496257543563843, -0.23944050073623657, 0.061565822770033245, -0.0053015662535805435, 0.08336456519490223, -0.06359496077482973, -0.5879694373024646, -0.8963458656450254, -0.531112551689148, -0.9170821309089661, 1731686666837902413, 
-0.14386749267578125, 0.08908617496490479, -0.11391573444020853, -0.00019258785040244497, 0.07738480908862172, -0.0024887035668963373, -0.5958594530602931, -0.8984792245136775, -0.5372296571731567, -0.9196452498435974, 1731686666918596773, 
0.12854748964309692, 0.17337656021118164, 0.09319010844028122, -0.0006430971365759921, 0.07720043017629798, -0.008330227371886269, -0.6034738402026664, -0.9004930917365789, -0.5454368591308594, -0.9225183129310608, 1731686667026709577, 
-0.03569549322128296, 0.14325565099716187, -0.016906187054113925, -0.0015892026878246085, 0.0780102808108961, -0.020371708335174155, -0.6108246178754454, -0.9024342740182787, -0.5491170287132263, -0.9240583181381226, 1731686667077805740, 
-0.048213422298431396, -0.33428943157196045, -0.04362326359900386, -0.0036840146348949268, 0.08626936824942759, -0.04270362365751265, -0.6185396775867407, -0.904462913346917, -0.5614578127861023, -0.9286300539970398, 1731686667238779913, 
-0.06980979442596436, 0.3803519010543823, -0.06603661035249885, 0.001288917667576661, 0.0597642966795579, 0.021566683441244766, -0.6265291995986472, -0.9065450827735974, -0.5672480463981628, -0.931000292301178, 1731686667319915043, 
0.11176532506942749, 0.29049617052078247, 0.08586189125810771, -0.0007027691031636123, 0.0727256597058916, -0.009663289491022384, -0.6326015540736826, -0.9081054367528192, -0.5744553804397583, -0.9334475994110107, 1731686667427832984, 
0.10368931293487549, -0.12517350912094116, 0.10108722196370057, -8.034685306100591e-05, 0.08103314974878731, -0.0009915306675118887, -0.6396337535227417, -0.9099253480629105, -0.5780116319656372, -0.9351338148117065, 1731686667477020946, 
-0.11713182926177979, -0.20077550411224365, -0.0853201603454114, -0.0014109227652864874, 0.07631122200427619, -0.01848906003899957, -0.6472812518128632, -0.9118971818260705, -0.5892552733421326, -0.9393101930618286, 1731686667637368783, 
-0.22170400619506836, 0.2598944902420044, -0.2018147416640593, 9.729281648063281e-05, 0.06192653817144863, 0.0015711005225460817, -0.6546032820128229, -0.9137828696960849, -0.5943674445152283, -0.940917432308197, 1731686667717403739, 
0.023582875728607178, -0.19656014442443848, -0.009257726158706014, 0.00038680030426774085, 0.06514229464620178, 0.0059377752406253904, -0.6609418643975322, -0.9154048562433008, -0.6009788513183594, -0.9436561465263367, 1731686667828549644, 
0.14691388607025146, -0.03864693641662598, 0.12412911219797029, -0.0005350379209304221, 0.06640633513481546, -0.008057031303477442, -0.6672557862850894, -0.917021662584375, -0.6072574853897095, -0.9460306763648987, 1731686667926707939, 
0.20979148149490356, 0.2764435410499573, 0.1972743341700864, 0.0010273771920683056, 0.07109987047564807, 0.014449775860283535, -0.6735424214469494, -0.9186345895981389, -0.6145808696746826, -0.9485687017440796, 1731686668037295934, 
-1.8353910446166992, -0.08448225259780884, -1.5388264551735156, -0.00019733886787171113, 0.06571311113976172, -0.003003036448114617, -0.6804428425921758, -0.920401037710698, -0.6195022463798523, -0.9506333470344543, 1731686668117170218, 
0.26632148027420044, -0.0274888277053833, 0.0030526904564429636, 0.0002775123394342806, -0.01929447738492096, -0.014382993324875559, -0.6875651844032405, -0.9222330674111825, -0.6196327805519104, -0.950811505317688, 1731686668229096993, 
-0.17693215608596802, -0.03947579860687256, -0.15062619638758573, -1.4304957012102553e-07, 9.845005114375235e-05, -0.0014530167171995772, -0.686049587450103, -0.9218439486186317, -0.6196144819259644, -0.9508044719696045, 1731686668326735925, 
2.212343454360962, -0.18368655443191528, 1.8675962627702387, -0.00012468467268838532, 0.018181217129544684, -0.006857883704923766, -0.6861097401283479, -0.92185924001931, -0.6207177639007568, -0.9510731101036072, 1731686668438661391, 
-0.007580280303955078, 0.006484031677246094, 0.26580711236215504, -0.0017378920464046262, 0.08983561664688207, -0.019345245363381645, -0.6863635044529138, -0.9219238729996061, -0.6274985671043396, -0.9533722996711731, 1731686668537842594, 
-0.567393958568573, -0.04360753297805786, -0.4459295250650491, -0.0012888972303711176, 0.0605051130179902, -0.021302286138824088, -0.6943211691195563, -0.9239468139653351, -0.6324070692062378, -0.9552136659622192, 1731686668627510956, 
-0.017833232879638672, -0.09088099002838135, -0.0802365942020642, -0.0011589684076368197, 0.04680723127475475, -0.024760456366961052, -0.7006087483964039, -0.9255321815653434, -0.6369597315788269, -0.9570183753967285, 1731686668726746078, 
0.067440927028656, -0.018352925777435303, 0.04591800992229883, -0.0002222253882136135, 0.05126481216884497, -0.004334852285846586, -0.705325609410952, -0.9267108535258718, -0.6395247578620911, -0.9578304290771484, 1731686668777818160, 
0.031960248947143555, -0.04445391893386841, 0.0339998517746544, -0.0014955817268145427, 0.057142836551524044, -0.026172689650539486, -0.710325813342421, -0.9279483290786105, -0.6483836770057678, -0.960639238357544, 1731686668938054607, 
-0.32573288679122925, 0.07521599531173706, -0.2732747526434416, -7.250894060275364e-06, 0.04383122180332803, -0.00016542760529949033, -0.7156729031095835, -0.9292678445017992, -0.6525655388832092, -0.962177038192749, 1731686669027283742, 
0.230535626411438, -0.03717327117919922, 0.1569775942086356, 2.692094410952557e-05, -0.0014079798645489291, -0.019120262148173663, -0.7195275531176134, -0.9302094391590502, -0.6528729796409607, -0.9621658325195312, 1731686669126745285, 
0.3375614285469055, 0.00801318883895874, 0.31120676012385634, -5.512824046303924e-05, 0.013020969424638373, -0.004233804616630555, -0.719331692173183, -0.930161656077279, -0.6536332368850708, -0.9624593257904053, 1731686669234564824, 
-0.3761301040649414, -0.07652294635772705, -0.275777742104327, -0.0008419115545221878, 0.06803993701359883, -0.012373785036778016, -0.7211382903249774, -0.9305995001407651, -0.6602485775947571, -0.9650892615318298, 1731686669338194444, 
-0.21896684169769287, 0.07656300067901611, -0.22722787158617025, 0.001128173262298287, 0.05389270059219503, 0.020933693244195556, -0.7279624539796723, -0.9322493713553496, -0.6653347611427307, -0.9667864441871643, 1731686669426920107, 
-0.1726447343826294, -0.13643991947174072, -0.18061854651738402, -0.000612369791341655, 0.02715918784377707, -0.022547426486538555, -0.7331234440231358, -0.9334922933846872, -0.668671727180481, -0.96818608045578, 1731686669527709593, 
-0.13761651515960693, 0.07895445823669434, -0.14384152783354126, 0.001786194612522593, 0.03215979633061871, 0.055541228997833925, -0.7361349842827303, -0.9342229551593879, -0.6705108284950256, -0.9686654806137085, 1731686669577825934, 
-0.02391105890274048, 0.014057636260986328, -0.04134804746353263, 0.00039967725600503377, 0.04724322964655199, 0.008459990119117605, -0.7397241123337551, -0.9350890557085033, -0.6781519651412964, -0.9716373682022095, 1731686669738416732, 
0.47125905752182007, 0.006345927715301514, 0.3964940750879743, 8.973790611966931e-05, 0.060521273274949626, 0.001482749804551993, -0.7444912271185153, -0.9362637869508541, -0.6831672191619873, -0.9734563827514648, 1731686669831829273, 
-0.030342400074005127, -0.0545315146446228, 0.03188072139568704, 0.0016922788341089665, 0.07093104570208142, 0.023858083824348692, -0.7499721001415849, -0.9376192647363187, -0.6857691407203674, -0.9743182063102722, 1731686669872744270, 
-0.18932580947875977, 0.19299954175949097, -0.15707438519070593, 0.002252551649468639, 0.06104080764710435, 0.03690238934077235, -0.7566869775184788, -0.9392834306286327, -0.694553792476654, -0.9774518609046936, 1731686670034505267, 
0.1193806529045105, -0.012310385704040527, 0.07902230692414011, -0.0012289151588701995, 0.03783530533028515, -0.03248064600357588, -0.762427504768979, -0.9407205886720033, -0.6978425979614258, -0.9788776636123657, 1731686670113139668, 
-0.16842937469482422, 0.14214545488357544, -0.13232377620951716, 0.0012237940952539322, 0.04384175516232818, 0.02791389374633202, -0.7661139795791008, -0.9416548302059382, -0.7028631567955017, -0.9805802702903748, 1731686670232966754, 
0.03966236114501953, -0.06449830532073975, 0.014596884159776946, 0.0003409768498627864, 0.045250176484252995, 0.0075353706074814085, -0.7705720589543303, -0.9427730095782592, -0.7072797417640686, -0.9822824597358704, 1731686670326946817, 
-0.08701455593109131, 0.003748595714569092, -0.0721872658994485, 5.773677427393684e-05, 0.04648902604713151, 0.001241944157216848, -0.7749761992761754, -0.9438892231924896, -0.7157796621322632, -0.985467255115509, 1731686670517456591, 
-0.1636294722557068, 0.022289812564849854, -0.15030003635322675, -0.00015649215395420907, 0.03265060599695991, -0.0047929326018873895, -0.7793917280339542, -0.9450113836562558, -0.7193994522094727, -0.9868999123573303, 1731686670627904415, 
0.23774927854537964, -0.006899237632751465, 0.18115589503543506, -2.9311191990588603e-05, 0.03289686354435649, -0.000891002631635896, -0.7827270310331035, -0.9458591872211775, -0.7210267782211304, -0.9874760508537292, 1731686670677751098, 
0.09091955423355103, 0.06590014696121216, 0.10406712956180549, 7.169521237314037e-05, 0.04167907981249029, 0.0017201726308663586, -0.7857803429794474, -0.9466339516889574, -0.7269504070281982, -0.9896506071090698, 1731686670838402126, 
0.040396153926849365, 0.03510785102844238, 0.049664882634483626, -0.0007613891041408208, 0.041709915591477666, -0.018254390912658448, -0.7896621585634772, -0.9476184926127476, -0.728019654750824, -0.9901214838027954, 1731686670867553522, 
-0.48014605045318604, 0.03946852684020996, -0.40287568960138476, -0.00020831130739709287, 0.02690769337258958, -0.007741700654627502, -0.7934898621506074, -0.9485889906752214, -0.7330158948898315, -0.9918662309646606, 1731686671028327059, 
-0.1298474669456482, -0.042147278785705566, -0.16968926677114796, -7.457931998931432e-05, -0.013300046465798649, 0.005607448077801579, -0.7960431357420349, -0.949231894599292, -0.7320929169654846, -0.9914551377296448, 1731686671128779362, 
-0.29910188913345337, -0.014808893203735352, -0.28015474034210086, -3.8218177404103154e-06, -0.0015119437958068215, 0.0025277511975045817, -0.7952561695069214, -0.949034296096086, -0.7321521043777466, -0.9915101528167725, 1731686671237731858, 
0.8029677867889404, 0.09052520990371704, 0.6449790883212917, 2.2695232863460083e-06, 0.0014389250218015091, 0.0015772352637975567, -0.7953936886885082, -0.949068903168241, -0.7322008609771729, -0.9915502667427063, 1731686671317554281, 
0.09458732604980469, -0.04959261417388916, 0.1748756905967238, 0.0003945874180243195, 0.05294653021969411, 0.007452564245230707, -0.795434253057775, -0.9490791252732417, -0.7368542551994324, -0.9935388565063477, 1731686671427779887, 
-0.10436022281646729, -0.08501148223876953, -0.0636785830657729, -0.000445733022548704, 0.03995526310410731, -0.011155802463052323, -0.8001228155057712, -0.9502615632202585, -0.7406495213508606, -0.994749903678894, 1731686671525944742, 
-0.07046514749526978, -0.12111634016036987, -0.06947527144347095, -0.0006828183330343659, 0.033375305875129505, -0.020458788770028505, -0.803994563287655, -0.9512398448247721, -0.7422167062759399, -0.9951346516609192, 1731686671576013537, 
0.1011163592338562, -0.06712055206298828, 0.07625478242809393, 0.00018138429214919588, 0.04126001734128958, 0.004396127385232134, -0.8074408957883266, -0.9521063576356228, -0.7473428845405579, -0.9973454475402832, 1731686671717905244, 
0.032434821128845215, -0.05013382434844971, 0.038815919864789494, -0.0006188643307039316, 0.04272295320496092, -0.0144855232206202, -0.8113512173728896, -0.9530822102442382, -0.7515844702720642, -0.9986782073974609, 1731686671828003206, 
0.13212507963180542, 0.031229615211486816, 0.11850334325332847, 0.0007212247246165361, 0.044078387386114776, 0.016362321023652752, -0.8154346203435352, -0.9541024180901293, -0.7557809352874756, -1.0004115104675293, 1731686671926807832, 
0.1290110945701599, 0.09601980447769165, 0.12746456830809091, 0.0003001723625672627, 0.049864217574393375, 0.006019794898404448, -0.8196094579200288, -0.9551408308089249, -0.759750485420227, -1.0018047094345093, 1731686672018718186, 
-0.18489676713943481, -0.03250604867935181, -0.13935498350179262, 0.0005124859405120965, 0.04423071907766873, 0.011586651793116364, -0.8242082726020796, -0.9562921181159193, -0.763627827167511, -1.0032658576965332, 1731686672117768113, 
0.0985841155052185, -0.2706362009048462, 0.06386188484811156, -0.0007665444565141099, 0.02998232134881809, -0.025566547953243365, -0.8284432142249344, -0.9573548528518603, -0.7671160101890564, -1.004766821861267, 1731686672228442854, 
-0.022317945957183838, 0.06365448236465454, -0.00974266745136651, -0.0005324043892582493, 0.03608399061706901, -0.014754587287981477, -0.8313641602824413, -0.9580899151394766, -0.770602822303772, -1.005731463432312, 1731686672328649817, 
0.1897847056388855, 0.04770630598068237, 0.16067335920385103, 0.0005923470005009541, 0.03737962135882136, 0.015846789747140225, -0.8348612633844587, -0.9589613439273359, -0.7744618058204651, -1.0073661804199219, 1731686672437880439, 
0.1532883644104004, -0.023002803325653076, 0.15433963739897288, 0.0004497444493970572, 0.04129549986853463, 0.01089088280390917, -0.8382896461207319, -0.9598117778706636, -0.7773993015289307, -1.0085936784744263, 1731686672518403816, 
-0.125951886177063, 0.10751253366470337, -0.08509248861629598, 0.00022692432229533914, 0.03717135348507085, 0.006104817312785742, -0.8420316522427478, -0.9607460590834719, -0.7811922430992126, -1.0097652673721313, 1731686672628996784, 
0.04210793972015381, 0.03449660539627075, 0.023531028658154207, 0.00011502846647501367, 0.021739100649330056, 0.0052913167076467146, -0.8454958372710327, -0.9616147184665099, -0.7832924127578735, -1.0106823444366455, 1731686672728298824, 
0.10026466846466064, 0.037936508655548096, 0.08907867957789972, 0.0001572235331849839, 0.029368538470312053, 0.005353468077545547, -0.847675279976242, -0.9621625857714245, -0.7860259413719177, -1.0118941068649292, 1731686672838529792, 
-0.05594432353973389, 0.00658494234085083, -0.03480132938109515, 2.7634331220647165e-05, 0.02922367165713733, 0.0009456146217649555, -0.8504039500073953, -0.9628500342055772, -0.7882349491119385, -1.0126513242721558, 1731686672918405738, 
-0.1738419532775879, 0.06314665079116821, -0.1535470677502245, 4.82084487806821e-05, 0.02814506982214711, 0.0017128558957330174, -0.8533064287273341, -0.9635827208020156, -0.791231632232666, -1.0133947134017944, 1731686673029260052, 
0.09305936098098755, -0.005574643611907959, 0.057100465452192994, 2.948120512219121e-06, 0.025426192082995718, 0.00011594817275807244, -0.8561923224148192, -0.9643115368230033, -0.7924319505691528, -1.0139350891113281, 1731686673077810331, 
0.1086200475692749, 0.007353305816650391, 0.10110161691120409, -0.00033484623331796046, 0.030964145837977877, -0.010813998715484273, -0.8586437826082032, -0.9649309442679378, -0.7964881062507629, -1.0157699584960938, 1731686673237686321, 
0.00029402971267700195, -0.02960294485092163, 0.014981091294640522, -7.147087497044098e-05, 0.0302971474324303, -0.002358996837238149, -0.8614889182212621, -0.965649462817936, -0.7992368340492249, -1.0167077779769897, 1731686673338515314, 
0.07129406929016113, 0.04229229688644409, 0.06306681009030912, 9.810219789105915e-05, 0.027319913418754057, 0.003590867818187001, -0.8643412418335809, -0.9663669202914389, -0.8015261888504028, -1.017515778541565, 1731686673428262035, 
0.010000288486480713, 0.002154529094696045, 0.0177284317583402, 1.516289311031144e-05, 0.02641959824428471, 0.0005739259533816565, -0.866882750073088, -0.9670057692877891, -0.8039510250091553, -1.0184780359268188, 1731686673527947711, 
-0.07121849060058594, 0.014684915542602539, -0.05823643834033322, 1.2146529770565807e-05, 0.029281833379051127, 0.00041481452384930595, -0.869481552402149, -0.9676598964771043, -0.8070852756500244, -1.019699215888977, 1731686673638365347, 
0.009182929992675781, -0.02249044179916382, -0.0006458752451776253, -1.3947448077416552e-05, 0.027807882822380853, -0.0005015645443597421, -0.8723788839122789, -0.9683893280289019, -0.8098364472389221, -1.0205756425857544, 1731686673738160796, 
-0.1571151614189148, -0.009502768516540527, -0.13427944826303215, -8.66351455818731e-06, 0.029007204417216586, -0.00029866768384771583, -0.875129367219948, -0.969081873927989, -0.8122720718383789, -1.0214266777038574, 1731686673827919988, 
-0.13418805599212646, -0.07349920272827148, -0.1341796702954008, -0.00048451208621774875, 0.02558092896933254, -0.018940363221312314, -0.8781077942433033, -0.9698315042265734, -0.8147186636924744, -1.0223901271820068, 1731686673927810072, 
0.1544257402420044, 0.024867594242095947, 0.11234054736887383, -5.753394487924141e-05, 0.025928905013046892, -0.002218911475447633, -0.8807556323576541, -0.9704972296482159, -0.8170710802078247, -1.0233221054077148, 1731686674018024024, 
0.05070072412490845, -0.025220930576324463, 0.05968316124468003, 0.0003011599550623679, 0.03144147534226877, 0.009578429503831185, -0.8831896734903824, -0.971104988438666, -0.819953978061676, -1.0242818593978882, 1731686674118405004, 
-0.027651071548461914, 0.009995341300964355, -0.014927250865826532, 4.6560054030673823e-05, 0.027956106339982793, 0.0016654699143164899, -0.8861021504567965, -0.9718319793297399, -0.8228375911712646, -1.0254168510437012, 1731686674228039865, 
0.28389132022857666, 0.06918865442276001, 0.24028488816157623, 4.926875010818562e-05, 0.026014984710492066, 0.001893860429151631, -0.888743590417196, -0.9724937115207212, -0.8250671029090881, -1.0264499187469482, 1731686674327805712, 
-0.15042740106582642, -0.09696286916732788, -0.09345171455745938, -5.9825698990631934e-05, 0.031868892245864665, -0.0018772443839303818, -0.8910485933453578, -0.9730715384920033, -0.8281312584877014, -1.027606725692749, 1731686674437840142, 
-0.11807215213775635, 0.030088841915130615, -0.11446849162505698, 0.0003241900701430048, 0.0275394729442108, 0.011771832772535115, -0.8942278653106361, -0.9738691117531761, -0.8308814764022827, -1.0283788442611694, 1731686674538403248, 
-0.04653137922286987, 0.0567743182182312, -0.05642029085987885, -0.0003922558132466567, 0.02755405943190286, -0.014235862930327137, -0.8970744017346284, -0.9745830170350824, -0.8331624865531921, -1.029248595237732, 1731686674628412061, 
0.12763828039169312, -0.04474717378616333, 0.1007879206898617, -8.095687954027618e-05, 0.02587501888909869, -0.0031287660073702917, -0.8997732203408292, -0.975262281397237, -0.8356269598007202, -1.0301892757415771, 1731686674727801480, 
0.01310431957244873, -0.01119011640548706, 0.025881726240389827, -1.948205488805937e-05, 0.027699406716305365, -0.0007033383453874187, -0.9021651708102233, -0.9758610911761432, -0.8368791937828064, -1.0307037830352783, 1731686674778961660, 
-0.04346621036529541, 0.02647411823272705, -0.033349091419606916, 0.000345664453074182, 0.029108153261161857, 0.01187517634570764, -0.9048474624688787, -0.976531915743026, -0.8413011431694031, -1.0321344137191772, 1731686674939404019, 
-0.05685293674468994, -0.057682156562805176, -0.053423827133028776, 7.621180424026792e-06, 0.025442995445989425, 0.00029953943277650184, -0.9076707343441105, -0.9772382213090861, -0.8436534404754639, -1.033066749572754, 1731686675028399231, 
-0.060010313987731934, -0.07349193096160889, -0.05903728132028255, -0.000507403967724832, 0.025576626500886362, -0.019838580655163723, -0.9102304329984634, -0.9778812008062814, -0.8460749983787537, -1.0341618061065674, 1731686675127840748, 
0.14410579204559326, 0.007894754409790039, 0.11448155071040225, 0.00039851277285319085, 0.028722748674257684, 0.01387446505808658, -0.9128180433990308, -0.9785307638608443, -0.8474112153053284, -1.0345368385314941, 1731686675173985233, 
-0.03277832269668579, -0.023632049560546875, -0.01131058493149073, 4.379099825926204e-05, 0.03034681975765232, 0.001443017706928569, -0.9154733539453335, -0.9791929500270069, -0.8514868021011353, -1.035982608795166, 1731686675318540480, 
-0.006052792072296143, 0.020600199699401855, -0.006820213193247985, -0.00013145980039143252, 0.029137086322422266, -0.004511768916656174, -0.9184145832663648, -0.9799302011249013, -0.8542890548706055, -1.037116289138794, 1731686675427872625, 
0.026669204235076904, 0.11289888620376587, 0.02177593124485688, -3.7952905145663694e-05, 0.02555908542621784, -0.0014849085760608866, -0.9211858313642574, -0.9806250488647291, -0.8567987680435181, -1.038160800933838, 1731686675528997776, 
-0.1326150894165039, -0.09085273742675781, -0.11007955355149113, 2.5253066186678087e-05, 0.030426164061852258, 0.0008299786373116911, -0.923742282247428, -0.9812649518585282, -0.8581042289733887, -1.0385733842849731, 1731686675572988400, 
-0.018787622451782227, -0.0015600323677062988, -0.03209001802991243, -0.000428523977352738, 0.02839152149972596, -0.015093378400198601, -0.9268232099955044, -0.9820356107230508, -0.8620607852935791, -1.039821743965149, 1731686675718425454, 
-0.23072558641433716, -0.059101223945617676, -0.20173840317802938, -0.00024252885140136544, 0.025665887322535576, -0.009449462952656865, -0.9296274420293874, -0.9827366733515706, -0.8647624850273132, -1.041155457496643, 1731686675827948702, 
0.19874227046966553, -0.09131962060928345, 0.14034854243582084, -8.868535488655274e-05, 0.02708373290699179, -0.0032744878703060247, -0.9323912950350985, -0.9834235353298872, -0.8672794699668884, -1.0419570207595825, 1731686675925170338, 
-0.06526660919189453, -0.02353060245513916, -0.03528060094169547, -0.0001056805576875618, 0.032541095028764025, -0.0032476029953554934, -0.9349216116045831, -0.9840500114748743, -0.8705394864082336, -1.042989730834961, 1731686676037712006, 
-0.047265827655792236, -0.07772266864776611, -0.04551757450133379, -7.746122085347011e-05, 0.028688240456590325, -0.002700103583232326, -0.9380777471364907, -0.9848303535196153, -0.8726107478141785, -1.0438252687454224, 1731686676118064494, 
-0.009384453296661377, -0.05526077747344971, -0.014649360632464477, 0.00018773684605256555, 0.02775639358450529, 0.006763733389245772, -0.9409152550652902, -0.9855310471946713, -0.8753772974014282, -1.0448991060256958, 1731686676228036022, 
0.03977710008621216, -0.04148823022842407, 0.031841514239282546, 0.00023574468831223124, 0.029358279178913795, 0.00802992187912539, -0.9436493556213021, -0.9862058197961371, -0.8781114816665649, -1.0458118915557861, 1731686676326205747, 
-0.040924072265625, 0.012648582458496094, -0.030310013164280128, -0.0001525110906479398, 0.030541486302786525, -0.00499357133886523, -0.9464814331613262, -0.9869067454288238, -0.8795331120491028, -1.0463120937347412, 1731686676376012086, 
-0.09687423706054688, -0.01868116855621338, -0.08716430961630457, -0.00034480563533462644, 0.02588227726976789, -0.013322074859980767, -0.9494327959134543, -0.987639054901756, -0.8832129240036011, -1.0477389097213745, 1731686676519586957, 
0.06978332996368408, -0.04040563106536865, 0.046900959113328575, -6.788315497590442e-05, 0.026559608176550883, -0.002555879383636297, -0.9520676882153758, -0.9882912076480391, -0.8859189748764038, -1.0488020181655884, 1731686676629067618, 
0.006900489330291748, -0.06753581762313843, 0.012734000598875896, -0.00023437456760749768, 0.029589549241469268, -0.007920856302840382, -0.9546275330109983, -0.9889215303134941, -0.8885408639907837, -1.0495588779449463, 1731686676727646490, 
0.17246216535568237, 0.09598922729492188, 0.14914897263405538, -0.000168775570188723, 0.028713276929864313, -0.005877962679111059, -0.9574316081617105, -0.9896110167799236, -0.8899411559104919, -1.0499920845031738, 1731686676778541410, 
0.231961190700531, 0.04202812910079956, 0.21984482870245256, 9.456117640060405e-05, 0.028945286348325418, 0.0032668937962009393, -0.9599596923420641, -0.9902306459533283, -0.8939943909645081, -1.0515508651733398, 1731686676937949478, 
-0.0739477276802063, -0.012525618076324463, -0.031124961593571893, 0.00018394812947578938, 0.028246593806495565, 0.006512223411287516, -0.9624574498376242, -0.9908416633356462, -0.8961712718009949, -1.052365779876709, 1731686677029555539, 
-0.06839501857757568, 0.035076022148132324, -0.06294594950659127, -0.00012763378301851964, 0.029918736043683593, -0.004266015209738966, -0.9652881170238309, -0.9915351616309667, -0.8975801467895508, -1.0528233051300049, 1731686677077952918, 
0.04263961315155029, 0.057121992111206055, 0.02723863890490741, 0.00021124625219503545, 0.026720570294950754, 0.007905753876628657, -0.9682226681705127, -0.9922557717154974, -0.9001986980438232, -1.0537703037261963, 1731686677178155592, 
-0.016668498516082764, -0.08106803894042969, -0.01026145903349799, -7.736233124833102e-05, 0.029369628829657258, -0.002634092916087896, -0.9708258231968009, -0.9928942188525406, -0.9037778377532959, -1.0552138090133667, 1731686677318506932, 
0.09226489067077637, -0.01484912633895874, 0.07730137571575249, -0.00021116418817616195, 0.02731477104809804, -0.007730769106734488, -0.9736391589762231, -0.9935860896415865, -0.9066799283027649, -1.0560716390609741, 1731686677428885937, 
0.17829233407974243, 0.018064439296722412, 0.16354057212288503, -2.0015457500564072e-05, 0.028352386525958576, -0.0007059531825385681, -0.9761596445040488, -0.9942050919306887, -0.9093032479286194, -1.056838870048523, 1731686677527765130, 
0.04537731409072876, -0.08198165893554688, 0.06258729868247082, -6.146151872905807e-05, 0.02945203777528295, -0.0020868341674014305, -0.9786857057226311, -0.9948236283901752, -0.9121054410934448, -1.0579967498779297, 1731686677638568894, 
-0.15685421228408813, 0.0029833316802978516, -0.12484731113089767, -6.566962353176344e-06, 0.02863646916774529, -0.00022932164977144064, -0.9814755272283879, -0.995506524349696, -0.9142044186592102, -1.0588513612747192, 1731686677717969018, 
0.10775434970855713, -0.07604831457138062, 0.07376291416405806, 1.1919648640347836e-05, -0.006298845443492577, -0.0018923545191384538, -0.9838361005741288, -0.996083862779221, -0.9135898947715759, -1.0586750507354736, 1731686677827867676, 
-0.005935370922088623, 0.01114499568939209, 0.005698162179637617, -8.98538447728409e-07, 0.0026730077996961706, -0.00033615257233089333, -0.9832674974353913, -0.9959448205031531, -0.9136817455291748, -1.0587091445922852, 1731686677927884990, 
-0.032343924045562744, -0.02071511745452881, -0.026797873968781742, -7.789100745683746e-08, 0.0008085204124399447, -9.633771301058284e-05, -0.9834948449388904, -0.9960003748795139, -0.9137599468231201, -1.0587800741195679, 1731686678021068600, 
-0.521155595779419, -0.08924216032028198, -0.4490197891912305, 2.7879808422702835e-07, -0.00368377607497889, -7.568269041125852e-05, -0.9836476496165453, -0.9960377113986653, -0.9136528968811035, -1.0586460828781128, 1731686678117775246, 
-0.04920762777328491, 0.09623134136199951, -0.10751858839331901, 1.0607248716693945e-05, -0.033801956944590816, -0.00031380575787613913, -0.9834504334559733, -0.9959895278603583, -0.9102764129638672, -1.057424545288086, 1731686678228234137, 
0.03798872232437134, 0.02755105495452881, 0.016783014737931173, 2.675466348518892e-05, -0.03183604745663757, -0.0008403889811268259, -0.9803468625340936, -0.9952313066180046, -0.9073725342750549, -1.0563148260116577, 1731686678327966033, 
0.0762287974357605, -0.024933159351348877, 0.06756532405363111, -1.3861566900869479e-05, -0.02498994621174606, 0.000554685743755387, -0.9773272834637406, -0.9944937166976919, -0.9046218991279602, -1.055485486984253, 1731686678438542451, 
0.6944043636322021, -0.09463179111480713, 0.602937085529843, -0.00023216657796023838, -0.01594965495290283, 0.014556213199959173, -0.9748052393155973, -0.993877719678654, -0.9027091264724731, -1.0549488067626953, 1731686678538311531, 
-0.1901547908782959, -0.11057251691818237, -0.07443636399742815, -5.8048936694470276e-05, 0.03768806637654845, -0.0015402471465235865, -0.9733129215480452, -0.9935129039341056, -0.9052250385284424, -1.0559173822402954, 1731686678627895216, 
-0.2831422686576843, -0.03846263885498047, -0.2526878122647531, -4.33905488254674e-05, 0.029690534804136727, -0.0014614269871427805, -0.9770076601731136, -0.9944209276785461, -0.9085593819618225, -1.0569665431976318, 1731686678728273489, 
0.08314859867095947, -0.015555083751678467, 0.034176918832014236, -1.2659469555912494e-05, 0.020836737805804598, -0.0006075552552370208, -0.9800921230387007, -0.9951784897585562, -0.9106912016868591, -1.0577890872955322, 1731686678837700302, 
-0.09591680765151978, -0.04565650224685669, -0.07691646878560114, -2.85879079478456e-05, 0.03173922852269423, -0.000900712124348096, -0.9822671641780082, -0.9957123843550244, -0.9137793779373169, -1.0590124130249023, 1731686678939061154, 
-0.06437903642654419, -0.008149921894073486, -0.06620271023254722, -9.4199543725921e-06, 0.02674851831327446, -0.0003521673336170276, -0.9853917349799426, -0.9964791400952324, -0.9161418676376343, -1.0598056316375732, 1731686679027755620, 
0.2585200071334839, 0.09590399265289307, 0.211151353961475, 5.967767007658017e-05, 0.027908967826734268, 0.0021382972830480086, -0.9880499748454264, -0.9971312484454633, -0.9186273217201233, -1.0606337785720825, 1731686679128055672, 
-0.10408949851989746, -0.0034964680671691895, -0.058125604769319494, 7.197615829111843e-06, 0.03152499831458262, 0.0002283145507983237, -0.9905370831405157, -0.9977413598053008, -0.9215750694274902, -1.0617382526397705, 1731686679238278249, 
